[
  {
    "Date": "12/31/21",
    "Open": 178.085,
    "High": 179.23,
    "Low": 177.26,
    "Close": 177.57,
    "Volume": 64062262
  },
  {
    "Date": "12/30/21",
    "Open": 179.47,
    "High": 180.57,
    "Low": 178.09,
    "Close": 178.2,
    "Volume": 59773008
  },
  {
    "Date": "12/29/21",
    "Open": 179.33,
    "High": 180.63,
    "Low": 178.14,
    "Close": 179.38,
    "Volume": 62348930
  },
  {
    "Date": "12/28/21",
    "Open": 180.16,
    "High": 181.33,
    "Low": 178.53,
    "Close": 179.29,
    "Volume": 79144336
  },
  {
    "Date": "12/27/21",
    "Open": 177.085,
    "High": 180.42,
    "Low": 177.07,
    "Close": 180.33,
    "Volume": 74919586
  },
  {
    "Date": "12/23/21",
    "Open": 175.85,
    "High": 176.8499,
    "Low": 175.27,
    "Close": 176.28,
    "Volume": 68356570
  },
  {
    "Date": "12/22/21",
    "Open": 173.04,
    "High": 175.86,
    "Low": 172.15,
    "Close": 175.64,
    "Volume": 92135297
  },
  {
    "Date": "12/21/21",
    "Open": 171.555,
    "High": 173.2,
    "Low": 169.12,
    "Close": 172.99,
    "Volume": 91185914
  },
  {
    "Date": "12/20/21",
    "Open": 168.28,
    "High": 170.58,
    "Low": 167.46,
    "Close": 169.75,
    "Volume": 107499102
  },
  {
    "Date": "12/17/21",
    "Open": 169.93,
    "High": 173.47,
    "Low": 169.69,
    "Close": 171.14,
    "Volume": 195923391
  },
  {
    "Date": "12/16/21",
    "Open": 179.28,
    "High": 181.14,
    "Low": 170.75,
    "Close": 172.26,
    "Volume": 150185797
  },
  {
    "Date": "12/15/21",
    "Open": 175.11,
    "High": 179.5,
    "Low": 172.3108,
    "Close": 179.3,
    "Volume": 131063297
  },
  {
    "Date": "12/14/21",
    "Open": 175.25,
    "High": 177.74,
    "Low": 172.21,
    "Close": 174.33,
    "Volume": 139380406
  },
  {
    "Date": "12/13/21",
    "Open": 181.115,
    "High": 182.13,
    "Low": 175.53,
    "Close": 175.74,
    "Volume": 153236984
  },
  {
    "Date": "12/10/21",
    "Open": 175.205,
    "High": 179.63,
    "Low": 174.69,
    "Close": 179.45,
    "Volume": 115402703
  },
  {
    "Date": "12/09/21",
    "Open": 174.91,
    "High": 176.75,
    "Low": 173.92,
    "Close": 174.56,
    "Volume": 108923695
  },
  {
    "Date": "12/08/21",
    "Open": 172.125,
    "High": 175.96,
    "Low": 170.7,
    "Close": 175.08,
    "Volume": 116998898
  },
  {
    "Date": "12/07/21",
    "Open": 169.08,
    "High": 171.58,
    "Low": 168.34,
    "Close": 171.18,
    "Volume": 120405398
  },
  {
    "Date": "12/06/21",
    "Open": 164.29,
    "High": 167.8799,
    "Low": 164.28,
    "Close": 165.32,
    "Volume": 107497000
  },
  {
    "Date": "12/03/21",
    "Open": 164.02,
    "High": 164.96,
    "Low": 159.72,
    "Close": 161.84,
    "Volume": 118023102
  },
  {
    "Date": "12/02/21",
    "Open": 158.735,
    "High": 164.2,
    "Low": 157.8,
    "Close": 163.76,
    "Volume": 136739203
  },
  {
    "Date": "12/01/21",
    "Open": 167.48,
    "High": 170.3,
    "Low": 164.53,
    "Close": 164.77,
    "Volume": 152423016
  },
  {
    "Date": "11/30/21",
    "Open": 159.985,
    "High": 165.52,
    "Low": 159.92,
    "Close": 165.3,
    "Volume": 174048094
  },
  {
    "Date": "11/29/21",
    "Open": 159.37,
    "High": 161.19,
    "Low": 158.7901,
    "Close": 160.24,
    "Volume": 88748227
  },
  {
    "Date": "11/26/21",
    "Open": 159.565,
    "High": 160.45,
    "Low": 156.36,
    "Close": 156.81,
    "Volume": 76959750
  },
  {
    "Date": "11/24/21",
    "Open": 160.75,
    "High": 162.14,
    "Low": 159.64,
    "Close": 161.94,
    "Volume": 69463617
  },
  {
    "Date": "11/23/21",
    "Open": 161.12,
    "High": 161.8,
    "Low": 159.0601,
    "Close": 161.41,
    "Volume": 96041906
  },
  {
    "Date": "11/22/21",
    "Open": 161.68,
    "High": 165.7,
    "Low": 161,
    "Close": 161.02,
    "Volume": 117467906
  },
  {
    "Date": "11/19/21",
    "Open": 157.65,
    "High": 161.02,
    "Low": 156.5328,
    "Close": 160.55,
    "Volume": 117305602
  },
  {
    "Date": "11/18/21",
    "Open": 153.71,
    "High": 158.67,
    "Low": 153.05,
    "Close": 157.87,
    "Volume": 137827703
  },
  {
    "Date": "11/17/21",
    "Open": 150.995,
    "High": 155,
    "Low": 150.99,
    "Close": 153.49,
    "Volume": 88807000
  },
  {
    "Date": "11/16/21",
    "Open": 149.94,
    "High": 151.488,
    "Low": 149.34,
    "Close": 151,
    "Volume": 59256207
  },
  {
    "Date": "11/15/21",
    "Open": 150.37,
    "High": 151.88,
    "Low": 149.43,
    "Close": 150,
    "Volume": 59222801
  },
  {
    "Date": "11/12/21",
    "Open": 148.43,
    "High": 150.4,
    "Low": 147.48,
    "Close": 149.99,
    "Volume": 63804008
  },
  {
    "Date": "11/11/21",
    "Open": 148.96,
    "High": 149.43,
    "Low": 147.681,
    "Close": 147.87,
    "Volume": 40999953
  },
  {
    "Date": "11/10/21",
    "Open": 150.02,
    "High": 150.13,
    "Low": 147.85,
    "Close": 147.92,
    "Volume": 65187090
  },
  {
    "Date": "11/09/21",
    "Open": 150.2,
    "High": 151.428,
    "Low": 150.0601,
    "Close": 150.81,
    "Volume": 56787930
  },
  {
    "Date": "11/08/21",
    "Open": 151.41,
    "High": 151.57,
    "Low": 150.16,
    "Close": 150.44,
    "Volume": 55020871
  },
  {
    "Date": "11/05/21",
    "Open": 151.89,
    "High": 152.2,
    "Low": 150.06,
    "Close": 151.28,
    "Volume": 65463879
  },
  {
    "Date": "11/04/21",
    "Open": 151.58,
    "High": 152.43,
    "Low": 150.64,
    "Close": 150.96,
    "Volume": 60394621
  },
  {
    "Date": "11/03/21",
    "Open": 150.39,
    "High": 151.97,
    "Low": 149.82,
    "Close": 151.49,
    "Volume": 54511527
  },
  {
    "Date": "11/02/21",
    "Open": 148.66,
    "High": 151.57,
    "Low": 148.65,
    "Close": 150.02,
    "Volume": 69121992
  },
  {
    "Date": "11/01/21",
    "Open": 148.985,
    "High": 149.7,
    "Low": 147.8,
    "Close": 148.96,
    "Volume": 74588258
  },
  {
    "Date": "10/29/21",
    "Open": 147.215,
    "High": 149.94,
    "Low": 146.4128,
    "Close": 149.8,
    "Volume": 124953203
  },
  {
    "Date": "10/28/21",
    "Open": 149.82,
    "High": 153.165,
    "Low": 149.72,
    "Close": 152.57,
    "Volume": 100077906
  },
  {
    "Date": "10/27/21",
    "Open": 149.36,
    "High": 149.73,
    "Low": 148.49,
    "Close": 148.85,
    "Volume": 56094930
  },
  {
    "Date": "10/26/21",
    "Open": 149.33,
    "High": 150.84,
    "Low": 149.0101,
    "Close": 149.32,
    "Volume": 60893398
  },
  {
    "Date": "10/25/21",
    "Open": 148.68,
    "High": 149.37,
    "Low": 147.6211,
    "Close": 148.64,
    "Volume": 50720559
  },
  {
    "Date": "10/22/21",
    "Open": 149.69,
    "High": 150.18,
    "Low": 148.64,
    "Close": 148.69,
    "Volume": 58883441
  },
  {
    "Date": "10/21/21",
    "Open": 148.81,
    "High": 149.64,
    "Low": 147.87,
    "Close": 149.48,
    "Volume": 61420992
  },
  {
    "Date": "10/20/21",
    "Open": 148.7,
    "High": 149.7539,
    "Low": 148.12,
    "Close": 149.26,
    "Volume": 58418793
  },
  {
    "Date": "10/19/21",
    "Open": 147.01,
    "High": 149.17,
    "Low": 146.55,
    "Close": 148.76,
    "Volume": 76378891
  },
  {
    "Date": "10/18/21",
    "Open": 143.445,
    "High": 146.84,
    "Low": 143.16,
    "Close": 146.55,
    "Volume": 85589188
  },
  {
    "Date": "10/15/21",
    "Open": 143.77,
    "High": 144.895,
    "Low": 143.51,
    "Close": 144.84,
    "Volume": 67940328
  },
  {
    "Date": "10/14/21",
    "Open": 142.11,
    "High": 143.88,
    "Low": 141.51,
    "Close": 143.76,
    "Volume": 69907102
  },
  {
    "Date": "10/13/21",
    "Open": 141.235,
    "High": 141.4,
    "Low": 139.2,
    "Close": 140.91,
    "Volume": 78762719
  },
  {
    "Date": "10/12/21",
    "Open": 143.23,
    "High": 143.25,
    "Low": 141.0401,
    "Close": 141.51,
    "Volume": 73035859
  },
  {
    "Date": "10/11/21",
    "Open": 142.27,
    "High": 144.81,
    "Low": 141.81,
    "Close": 142.81,
    "Volume": 64452219
  },
  {
    "Date": "10/08/21",
    "Open": 144.03,
    "High": 144.1781,
    "Low": 142.56,
    "Close": 142.9,
    "Volume": 58773160
  },
  {
    "Date": "10/07/21",
    "Open": 143.06,
    "High": 144.215,
    "Low": 142.72,
    "Close": 143.29,
    "Volume": 61732660
  },
  {
    "Date": "10/06/21",
    "Open": 139.47,
    "High": 142.15,
    "Low": 138.37,
    "Close": 142,
    "Volume": 83221117
  },
  {
    "Date": "10/05/21",
    "Open": 139.49,
    "High": 142.24,
    "Low": 139.36,
    "Close": 141.11,
    "Volume": 80861055
  },
  {
    "Date": "10/04/21",
    "Open": 141.76,
    "High": 142.21,
    "Low": 138.27,
    "Close": 139.14,
    "Volume": 98322008
  },
  {
    "Date": "10/01/21",
    "Open": 141.9,
    "High": 142.92,
    "Low": 139.1101,
    "Close": 142.65,
    "Volume": 94639586
  },
  {
    "Date": "09/30/21",
    "Open": 143.66,
    "High": 144.378,
    "Low": 141.28,
    "Close": 141.5,
    "Volume": 89056656
  },
  {
    "Date": "09/29/21",
    "Open": 142.47,
    "High": 144.45,
    "Low": 142.03,
    "Close": 142.83,
    "Volume": 74602039
  },
  {
    "Date": "09/28/21",
    "Open": 143.25,
    "High": 144.75,
    "Low": 141.69,
    "Close": 141.91,
    "Volume": 108972305
  },
  {
    "Date": "09/27/21",
    "Open": 145.47,
    "High": 145.96,
    "Low": 143.82,
    "Close": 145.37,
    "Volume": 74150727
  },
  {
    "Date": "09/24/21",
    "Open": 145.66,
    "High": 147.4701,
    "Low": 145.56,
    "Close": 146.92,
    "Volume": 53477871
  },
  {
    "Date": "09/23/21",
    "Open": 146.65,
    "High": 147.08,
    "Low": 145.64,
    "Close": 146.83,
    "Volume": 64838168
  },
  {
    "Date": "09/22/21",
    "Open": 144.45,
    "High": 146.43,
    "Low": 143.7001,
    "Close": 145.85,
    "Volume": 76404336
  },
  {
    "Date": "09/21/21",
    "Open": 143.93,
    "High": 144.6,
    "Low": 142.78,
    "Close": 143.43,
    "Volume": 75833961
  },
  {
    "Date": "09/20/21",
    "Open": 143.8,
    "High": 144.84,
    "Low": 141.27,
    "Close": 142.94,
    "Volume": 123478898
  },
  {
    "Date": "09/17/21",
    "Open": 148.82,
    "High": 148.82,
    "Low": 145.76,
    "Close": 146.06,
    "Volume": 129868797
  },
  {
    "Date": "09/16/21",
    "Open": 148.44,
    "High": 148.97,
    "Low": 147.221,
    "Close": 148.79,
    "Volume": 68034148
  },
  {
    "Date": "09/15/21",
    "Open": 148.56,
    "High": 149.44,
    "Low": 146.37,
    "Close": 149.03,
    "Volume": 83281320
  },
  {
    "Date": "09/14/21",
    "Open": 150.35,
    "High": 151.07,
    "Low": 146.91,
    "Close": 148.12,
    "Volume": 109296305
  },
  {
    "Date": "09/13/21",
    "Open": 150.63,
    "High": 151.42,
    "Low": 148.75,
    "Close": 149.55,
    "Volume": 102404305
  },
  {
    "Date": "09/10/21",
    "Open": 155,
    "High": 155.48,
    "Low": 148.7,
    "Close": 148.97,
    "Volume": 140893203
  },
  {
    "Date": "09/09/21",
    "Open": 155.49,
    "High": 156.11,
    "Low": 153.95,
    "Close": 154.07,
    "Volume": 57305727
  },
  {
    "Date": "09/08/21",
    "Open": 156.98,
    "High": 157.04,
    "Low": 153.975,
    "Close": 155.11,
    "Volume": 74420211
  },
  {
    "Date": "09/07/21",
    "Open": 154.97,
    "High": 157.26,
    "Low": 154.39,
    "Close": 156.69,
    "Volume": 82278258
  },
  {
    "Date": "09/03/21",
    "Open": 153.76,
    "High": 154.63,
    "Low": 153.09,
    "Close": 154.3,
    "Volume": 57866070
  },
  {
    "Date": "09/02/21",
    "Open": 153.87,
    "High": 154.72,
    "Low": 152.4,
    "Close": 153.65,
    "Volume": 71171320
  },
  {
    "Date": "09/01/21",
    "Open": 152.83,
    "High": 154.98,
    "Low": 152.34,
    "Close": 152.51,
    "Volume": 80313711
  },
  {
    "Date": "08/31/21",
    "Open": 152.66,
    "High": 152.8,
    "Low": 151.29,
    "Close": 151.83,
    "Volume": 86453117
  },
  {
    "Date": "08/30/21",
    "Open": 149,
    "High": 153.49,
    "Low": 148.61,
    "Close": 153.12,
    "Volume": 90956719
  },
  {
    "Date": "08/27/21",
    "Open": 147.48,
    "High": 148.75,
    "Low": 146.83,
    "Close": 148.6,
    "Volume": 55802391
  },
  {
    "Date": "08/26/21",
    "Open": 148.35,
    "High": 149.12,
    "Low": 147.51,
    "Close": 147.54,
    "Volume": 48597199
  },
  {
    "Date": "08/25/21",
    "Open": 149.81,
    "High": 150.32,
    "Low": 147.8,
    "Close": 148.36,
    "Volume": 58991301
  },
  {
    "Date": "08/24/21",
    "Open": 149.45,
    "High": 150.86,
    "Low": 149.15,
    "Close": 149.62,
    "Volume": 48606434
  },
  {
    "Date": "08/23/21",
    "Open": 148.31,
    "High": 150.19,
    "Low": 147.89,
    "Close": 149.71,
    "Volume": 60131809
  },
  {
    "Date": "08/20/21",
    "Open": 147.44,
    "High": 148.5,
    "Low": 146.78,
    "Close": 148.19,
    "Volume": 60549633
  },
  {
    "Date": "08/19/21",
    "Open": 145.03,
    "High": 148,
    "Low": 144.5,
    "Close": 146.7,
    "Volume": 86960312
  },
  {
    "Date": "08/18/21",
    "Open": 149.8,
    "High": 150.72,
    "Low": 146.15,
    "Close": 146.36,
    "Volume": 86325992
  },
  {
    "Date": "08/17/21",
    "Open": 150.23,
    "High": 151.68,
    "Low": 149.09,
    "Close": 150.19,
    "Volume": 92229742
  },
  {
    "Date": "08/16/21",
    "Open": 148.535,
    "High": 151.19,
    "Low": 146.47,
    "Close": 151.12,
    "Volume": 103558797
  },
  {
    "Date": "08/13/21",
    "Open": 148.97,
    "High": 149.4444,
    "Low": 148.27,
    "Close": 149.1,
    "Volume": 59375008
  },
  {
    "Date": "08/12/21",
    "Open": 146.19,
    "High": 149.05,
    "Low": 145.84,
    "Close": 148.89,
    "Volume": 73779109
  },
  {
    "Date": "08/11/21",
    "Open": 146.05,
    "High": 146.72,
    "Low": 145.53,
    "Close": 145.86,
    "Volume": 48493461
  },
  {
    "Date": "08/10/21",
    "Open": 146.44,
    "High": 147.71,
    "Low": 145.3,
    "Close": 145.6,
    "Volume": 69023078
  },
  {
    "Date": "08/09/21",
    "Open": 146.2,
    "High": 146.7,
    "Low": 145.52,
    "Close": 146.09,
    "Volume": 48908688
  },
  {
    "Date": "08/06/21",
    "Open": 146.35,
    "High": 147.11,
    "Low": 145.63,
    "Close": 146.14,
    "Volume": 54126809
  },
  {
    "Date": "08/05/21",
    "Open": 146.98,
    "High": 147.84,
    "Low": 146.17,
    "Close": 147.06,
    "Volume": 46397672
  },
  {
    "Date": "08/04/21",
    "Open": 147.27,
    "High": 147.79,
    "Low": 146.28,
    "Close": 146.95,
    "Volume": 56368273
  },
  {
    "Date": "08/03/21",
    "Open": 145.81,
    "High": 148.045,
    "Low": 145.18,
    "Close": 147.36,
    "Volume": 64786621
  },
  {
    "Date": "08/02/21",
    "Open": 146.36,
    "High": 146.95,
    "Low": 145.25,
    "Close": 145.52,
    "Volume": 62879961
  },
  {
    "Date": "07/30/21",
    "Open": 144.38,
    "High": 146.33,
    "Low": 144.11,
    "Close": 145.86,
    "Volume": 70440633
  },
  {
    "Date": "07/29/21",
    "Open": 144.685,
    "High": 146.55,
    "Low": 144.58,
    "Close": 145.64,
    "Volume": 56699480
  },
  {
    "Date": "07/28/21",
    "Open": 144.81,
    "High": 146.97,
    "Low": 142.54,
    "Close": 144.98,
    "Volume": 118931203
  },
  {
    "Date": "07/27/21",
    "Open": 149.12,
    "High": 149.21,
    "Low": 145.55,
    "Close": 146.77,
    "Volume": 104818602
  },
  {
    "Date": "07/26/21",
    "Open": 148.27,
    "High": 149.83,
    "Low": 147.7,
    "Close": 148.99,
    "Volume": 72434086
  },
  {
    "Date": "07/23/21",
    "Open": 147.55,
    "High": 148.7177,
    "Low": 146.92,
    "Close": 148.56,
    "Volume": 71447422
  },
  {
    "Date": "07/22/21",
    "Open": 145.935,
    "High": 148.195,
    "Low": 145.81,
    "Close": 146.8,
    "Volume": 77338156
  },
  {
    "Date": "07/21/21",
    "Open": 145.53,
    "High": 146.13,
    "Low": 144.63,
    "Close": 145.4,
    "Volume": 74993453
  },
  {
    "Date": "07/20/21",
    "Open": 143.46,
    "High": 147.0997,
    "Low": 142.96,
    "Close": 146.15,
    "Volume": 96350039
  },
  {
    "Date": "07/19/21",
    "Open": 143.75,
    "High": 144.07,
    "Low": 141.67,
    "Close": 142.45,
    "Volume": 121434602
  },
  {
    "Date": "07/16/21",
    "Open": 148.46,
    "High": 149.76,
    "Low": 145.88,
    "Close": 146.39,
    "Volume": 93251430
  },
  {
    "Date": "07/15/21",
    "Open": 149.24,
    "High": 150,
    "Low": 147.09,
    "Close": 148.48,
    "Volume": 106820305
  },
  {
    "Date": "07/14/21",
    "Open": 148.1,
    "High": 149.57,
    "Low": 147.68,
    "Close": 149.15,
    "Volume": 127050797
  },
  {
    "Date": "07/13/21",
    "Open": 144.03,
    "High": 147.46,
    "Low": 143.63,
    "Close": 145.64,
    "Volume": 100827102
  },
  {
    "Date": "07/12/21",
    "Open": 146.21,
    "High": 146.32,
    "Low": 144,
    "Close": 144.5,
    "Volume": 76299719
  },
  {
    "Date": "07/09/21",
    "Open": 142.75,
    "High": 145.65,
    "Low": 142.6522,
    "Close": 145.11,
    "Volume": 99890797
  },
  {
    "Date": "07/08/21",
    "Open": 141.58,
    "High": 144.06,
    "Low": 140.665,
    "Close": 143.24,
    "Volume": 105575508
  },
  {
    "Date": "07/07/21",
    "Open": 143.535,
    "High": 144.89,
    "Low": 142.66,
    "Close": 144.57,
    "Volume": 104911602
  },
  {
    "Date": "07/06/21",
    "Open": 140.07,
    "High": 143.15,
    "Low": 140.07,
    "Close": 142.02,
    "Volume": 108181797
  },
  {
    "Date": "07/02/21",
    "Open": 137.9,
    "High": 140,
    "Low": 137.745,
    "Close": 139.96,
    "Volume": 78945570
  },
  {
    "Date": "07/01/21",
    "Open": 136.6,
    "High": 137.33,
    "Low": 135.76,
    "Close": 137.27,
    "Volume": 52485781
  },
  {
    "Date": "06/30/21",
    "Open": 136.17,
    "High": 137.41,
    "Low": 135.87,
    "Close": 136.96,
    "Volume": 63261391
  },
  {
    "Date": "06/29/21",
    "Open": 134.8,
    "High": 136.49,
    "Low": 134.35,
    "Close": 136.33,
    "Volume": 64556078
  },
  {
    "Date": "06/28/21",
    "Open": 133.41,
    "High": 135.245,
    "Low": 133.35,
    "Close": 134.78,
    "Volume": 62111301
  },
  {
    "Date": "06/25/21",
    "Open": 133.46,
    "High": 133.89,
    "Low": 132.81,
    "Close": 133.11,
    "Volume": 70783750
  },
  {
    "Date": "06/24/21",
    "Open": 134.45,
    "High": 134.64,
    "Low": 132.93,
    "Close": 133.41,
    "Volume": 68711000
  },
  {
    "Date": "06/23/21",
    "Open": 133.77,
    "High": 134.32,
    "Low": 133.23,
    "Close": 133.7,
    "Volume": 60214199
  },
  {
    "Date": "06/22/21",
    "Open": 132.13,
    "High": 134.08,
    "Low": 131.62,
    "Close": 133.98,
    "Volume": 74783617
  },
  {
    "Date": "06/21/21",
    "Open": 130.3,
    "High": 132.41,
    "Low": 129.21,
    "Close": 132.3,
    "Volume": 79663320
  },
  {
    "Date": "06/18/21",
    "Open": 130.71,
    "High": 131.51,
    "Low": 130.24,
    "Close": 130.46,
    "Volume": 108953297
  },
  {
    "Date": "06/17/21",
    "Open": 129.8,
    "High": 132.55,
    "Low": 129.65,
    "Close": 131.79,
    "Volume": 96721672
  },
  {
    "Date": "06/16/21",
    "Open": 130.37,
    "High": 130.89,
    "Low": 128.461,
    "Close": 130.15,
    "Volume": 91815031
  },
  {
    "Date": "06/15/21",
    "Open": 129.94,
    "High": 130.6,
    "Low": 129.39,
    "Close": 129.64,
    "Volume": 62746328
  },
  {
    "Date": "06/14/21",
    "Open": 127.82,
    "High": 130.54,
    "Low": 127.07,
    "Close": 130.48,
    "Volume": 96906484
  },
  {
    "Date": "06/11/21",
    "Open": 126.53,
    "High": 127.44,
    "Low": 126.1,
    "Close": 127.35,
    "Volume": 53522367
  },
  {
    "Date": "06/10/21",
    "Open": 127.02,
    "High": 128.19,
    "Low": 125.94,
    "Close": 126.11,
    "Volume": 71186414
  },
  {
    "Date": "06/09/21",
    "Open": 127.21,
    "High": 127.75,
    "Low": 126.52,
    "Close": 127.13,
    "Volume": 56877941
  },
  {
    "Date": "06/08/21",
    "Open": 126.6,
    "High": 128.46,
    "Low": 126.2101,
    "Close": 126.74,
    "Volume": 74403766
  },
  {
    "Date": "06/07/21",
    "Open": 126.17,
    "High": 126.32,
    "Low": 124.8321,
    "Close": 125.9,
    "Volume": 71057555
  },
  {
    "Date": "06/04/21",
    "Open": 124.07,
    "High": 126.16,
    "Low": 123.85,
    "Close": 125.89,
    "Volume": 75169344
  },
  {
    "Date": "06/03/21",
    "Open": 124.68,
    "High": 124.85,
    "Low": 123.13,
    "Close": 123.54,
    "Volume": 76229172
  },
  {
    "Date": "06/02/21",
    "Open": 124.28,
    "High": 125.24,
    "Low": 124.05,
    "Close": 125.06,
    "Volume": 59278859
  },
  {
    "Date": "06/01/21",
    "Open": 125.08,
    "High": 125.35,
    "Low": 123.94,
    "Close": 124.28,
    "Volume": 67637117
  },
  {
    "Date": "05/28/21",
    "Open": 125.57,
    "High": 125.8,
    "Low": 124.55,
    "Close": 124.61,
    "Volume": 71311109
  },
  {
    "Date": "05/27/21",
    "Open": 126.44,
    "High": 127.64,
    "Low": 125.08,
    "Close": 125.28,
    "Volume": 94625602
  },
  {
    "Date": "05/26/21",
    "Open": 126.955,
    "High": 127.39,
    "Low": 126.42,
    "Close": 126.85,
    "Volume": 56575922
  },
  {
    "Date": "05/25/21",
    "Open": 127.82,
    "High": 128.32,
    "Low": 126.32,
    "Close": 126.9,
    "Volume": 72009477
  },
  {
    "Date": "05/24/21",
    "Open": 126.01,
    "High": 127.94,
    "Low": 125.94,
    "Close": 127.1,
    "Volume": 63092953
  },
  {
    "Date": "05/21/21",
    "Open": 127.82,
    "High": 128,
    "Low": 125.21,
    "Close": 125.43,
    "Volume": 79295438
  },
  {
    "Date": "05/20/21",
    "Open": 125.23,
    "High": 127.72,
    "Low": 125.1,
    "Close": 127.31,
    "Volume": 76857117
  },
  {
    "Date": "05/19/21",
    "Open": 123.16,
    "High": 124.915,
    "Low": 122.86,
    "Close": 124.69,
    "Volume": 92611992
  },
  {
    "Date": "05/18/21",
    "Open": 126.56,
    "High": 126.99,
    "Low": 124.78,
    "Close": 124.85,
    "Volume": 63342930
  },
  {
    "Date": "05/17/21",
    "Open": 126.82,
    "High": 126.93,
    "Low": 125.17,
    "Close": 126.27,
    "Volume": 74116555
  },
  {
    "Date": "05/14/21",
    "Open": 126.25,
    "High": 127.89,
    "Low": 125.85,
    "Close": 127.45,
    "Volume": 81917953
  },
  {
    "Date": "05/13/21",
    "Open": 124.58,
    "High": 126.15,
    "Low": 124.26,
    "Close": 124.97,
    "Volume": 105861297
  },
  {
    "Date": "05/12/21",
    "Open": 123.4,
    "High": 124.64,
    "Low": 122.25,
    "Close": 122.77,
    "Volume": 112172305
  },
  {
    "Date": "05/11/21",
    "Open": 123.5,
    "High": 126.27,
    "Low": 122.77,
    "Close": 125.91,
    "Volume": 126142797
  },
  {
    "Date": "05/10/21",
    "Open": 129.41,
    "High": 129.54,
    "Low": 126.81,
    "Close": 126.85,
    "Volume": 88071234
  },
  {
    "Date": "05/07/21",
    "Open": 130.85,
    "High": 131.2582,
    "Low": 129.475,
    "Close": 130.21,
    "Volume": 78973273
  },
  {
    "Date": "05/06/21",
    "Open": 127.89,
    "High": 129.75,
    "Low": 127.13,
    "Close": 129.74,
    "Volume": 78128328
  },
  {
    "Date": "05/05/21",
    "Open": 129.2,
    "High": 130.45,
    "Low": 127.97,
    "Close": 128.1,
    "Volume": 84000898
  },
  {
    "Date": "05/04/21",
    "Open": 131.19,
    "High": 131.4899,
    "Low": 126.7,
    "Close": 127.85,
    "Volume": 137564703
  },
  {
    "Date": "05/03/21",
    "Open": 132.04,
    "High": 134.07,
    "Low": 131.83,
    "Close": 132.54,
    "Volume": 75135102
  },
  {
    "Date": "04/30/21",
    "Open": 131.78,
    "High": 133.56,
    "Low": 131.065,
    "Close": 131.46,
    "Volume": 109839508
  },
  {
    "Date": "04/29/21",
    "Open": 136.47,
    "High": 137.07,
    "Low": 132.45,
    "Close": 133.48,
    "Volume": 151100984
  },
  {
    "Date": "04/28/21",
    "Open": 134.31,
    "High": 135.02,
    "Low": 133.08,
    "Close": 133.58,
    "Volume": 107760094
  },
  {
    "Date": "04/27/21",
    "Open": 135.01,
    "High": 135.41,
    "Low": 134.11,
    "Close": 134.39,
    "Volume": 66015797
  },
  {
    "Date": "04/26/21",
    "Open": 134.83,
    "High": 135.06,
    "Low": 133.56,
    "Close": 134.72,
    "Volume": 66905070
  },
  {
    "Date": "04/23/21",
    "Open": 132.16,
    "High": 135.12,
    "Low": 132.16,
    "Close": 134.32,
    "Volume": 78756781
  },
  {
    "Date": "04/22/21",
    "Open": 133.04,
    "High": 134.15,
    "Low": 131.41,
    "Close": 131.94,
    "Volume": 84566461
  },
  {
    "Date": "04/21/21",
    "Open": 132.36,
    "High": 133.75,
    "Low": 131.3001,
    "Close": 133.5,
    "Volume": 68847133
  },
  {
    "Date": "04/20/21",
    "Open": 135.02,
    "High": 135.53,
    "Low": 131.81,
    "Close": 133.11,
    "Volume": 94812352
  },
  {
    "Date": "04/19/21",
    "Open": 133.51,
    "High": 135.47,
    "Low": 133.34,
    "Close": 134.84,
    "Volume": 94264227
  },
  {
    "Date": "04/16/21",
    "Open": 134.3,
    "High": 134.67,
    "Low": 133.28,
    "Close": 134.16,
    "Volume": 84922391
  },
  {
    "Date": "04/15/21",
    "Open": 133.82,
    "High": 135,
    "Low": 133.64,
    "Close": 134.5,
    "Volume": 89347102
  },
  {
    "Date": "04/14/21",
    "Open": 134.94,
    "High": 135,
    "Low": 131.655,
    "Close": 132.03,
    "Volume": 87222781
  },
  {
    "Date": "04/13/21",
    "Open": 132.44,
    "High": 134.66,
    "Low": 131.93,
    "Close": 134.43,
    "Volume": 91266555
  },
  {
    "Date": "04/12/21",
    "Open": 132.52,
    "High": 132.85,
    "Low": 130.63,
    "Close": 131.24,
    "Volume": 91419984
  },
  {
    "Date": "04/09/21",
    "Open": 129.8,
    "High": 133.04,
    "Low": 129.47,
    "Close": 132.995,
    "Volume": 106686703
  },
  {
    "Date": "04/08/21",
    "Open": 128.95,
    "High": 130.39,
    "Low": 128.52,
    "Close": 130.36,
    "Volume": 88844594
  },
  {
    "Date": "04/07/21",
    "Open": 125.83,
    "High": 127.92,
    "Low": 125.14,
    "Close": 127.9,
    "Volume": 83466719
  },
  {
    "Date": "04/06/21",
    "Open": 126.5,
    "High": 127.13,
    "Low": 125.65,
    "Close": 126.21,
    "Volume": 80171250
  },
  {
    "Date": "04/05/21",
    "Open": 123.87,
    "High": 126.1601,
    "Low": 123.07,
    "Close": 125.9,
    "Volume": 88651188
  },
  {
    "Date": "04/01/21",
    "Open": 123.66,
    "High": 124.18,
    "Low": 122.49,
    "Close": 123,
    "Volume": 75089125
  },
  {
    "Date": "03/31/21",
    "Open": 121.65,
    "High": 123.52,
    "Low": 121.15,
    "Close": 122.15,
    "Volume": 118323797
  },
  {
    "Date": "03/30/21",
    "Open": 120.11,
    "High": 120.4031,
    "Low": 118.86,
    "Close": 119.9,
    "Volume": 85671922
  },
  {
    "Date": "03/29/21",
    "Open": 121.65,
    "High": 122.58,
    "Low": 120.7299,
    "Close": 121.39,
    "Volume": 80819203
  },
  {
    "Date": "03/26/21",
    "Open": 120.35,
    "High": 121.48,
    "Low": 118.92,
    "Close": 121.21,
    "Volume": 94071234
  },
  {
    "Date": "03/25/21",
    "Open": 119.54,
    "High": 121.66,
    "Low": 119,
    "Close": 120.59,
    "Volume": 98844680
  },
  {
    "Date": "03/24/21",
    "Open": 122.82,
    "High": 122.9,
    "Low": 120.065,
    "Close": 120.09,
    "Volume": 88530484
  },
  {
    "Date": "03/23/21",
    "Open": 123.33,
    "High": 124.24,
    "Low": 122.14,
    "Close": 122.54,
    "Volume": 95467133
  },
  {
    "Date": "03/22/21",
    "Open": 120.33,
    "High": 123.87,
    "Low": 120.26,
    "Close": 123.39,
    "Volume": 111912305
  },
  {
    "Date": "03/19/21",
    "Open": 119.9,
    "High": 121.43,
    "Low": 119.675,
    "Close": 119.99,
    "Volume": 185549500
  },
  {
    "Date": "03/18/21",
    "Open": 122.88,
    "High": 123.18,
    "Low": 120.32,
    "Close": 120.53,
    "Volume": 121469797
  },
  {
    "Date": "03/17/21",
    "Open": 124.05,
    "High": 125.8599,
    "Low": 122.336,
    "Close": 124.76,
    "Volume": 111932602
  },
  {
    "Date": "03/16/21",
    "Open": 125.7,
    "High": 127.22,
    "Low": 124.715,
    "Close": 125.57,
    "Volume": 115227906
  },
  {
    "Date": "03/15/21",
    "Open": 121.41,
    "High": 124,
    "Low": 120.42,
    "Close": 123.99,
    "Volume": 92590562
  },
  {
    "Date": "03/12/21",
    "Open": 120.4,
    "High": 121.17,
    "Low": 119.16,
    "Close": 121.03,
    "Volume": 88105047
  },
  {
    "Date": "03/11/21",
    "Open": 122.54,
    "High": 123.21,
    "Low": 121.26,
    "Close": 121.96,
    "Volume": 103026492
  },
  {
    "Date": "03/10/21",
    "Open": 121.69,
    "High": 122.17,
    "Low": 119.45,
    "Close": 119.98,
    "Volume": 111943297
  },
  {
    "Date": "03/09/21",
    "Open": 119.03,
    "High": 122.06,
    "Low": 118.79,
    "Close": 121.085,
    "Volume": 129525797
  },
  {
    "Date": "03/08/21",
    "Open": 120.93,
    "High": 121,
    "Low": 116.21,
    "Close": 116.36,
    "Volume": 154376609
  },
  {
    "Date": "03/05/21",
    "Open": 120.98,
    "High": 121.935,
    "Low": 117.57,
    "Close": 121.42,
    "Volume": 153766594
  },
  {
    "Date": "03/04/21",
    "Open": 121.75,
    "High": 123.6,
    "Low": 118.62,
    "Close": 120.13,
    "Volume": 178155016
  },
  {
    "Date": "03/03/21",
    "Open": 124.81,
    "High": 125.71,
    "Low": 121.84,
    "Close": 122.06,
    "Volume": 112966305
  },
  {
    "Date": "03/02/21",
    "Open": 128.41,
    "High": 128.72,
    "Low": 125.01,
    "Close": 125.12,
    "Volume": 102260898
  },
  {
    "Date": "03/01/21",
    "Open": 123.75,
    "High": 127.93,
    "Low": 122.79,
    "Close": 127.79,
    "Volume": 116307906
  },
  {
    "Date": "02/26/21",
    "Open": 122.59,
    "High": 124.85,
    "Low": 121.2,
    "Close": 121.26,
    "Volume": 164560406
  },
  {
    "Date": "02/25/21",
    "Open": 124.68,
    "High": 126.4585,
    "Low": 120.54,
    "Close": 120.99,
    "Volume": 148199500
  },
  {
    "Date": "02/24/21",
    "Open": 124.94,
    "High": 125.56,
    "Low": 122.23,
    "Close": 125.35,
    "Volume": 111039906
  },
  {
    "Date": "02/23/21",
    "Open": 123.76,
    "High": 126.71,
    "Low": 118.39,
    "Close": 125.86,
    "Volume": 158272984
  },
  {
    "Date": "02/22/21",
    "Open": 128.01,
    "High": 129.72,
    "Low": 125.6,
    "Close": 126,
    "Volume": 103916398
  },
  {
    "Date": "02/19/21",
    "Open": 130.24,
    "High": 130.71,
    "Low": 128.8,
    "Close": 129.87,
    "Volume": 87668828
  },
  {
    "Date": "02/18/21",
    "Open": 129.2,
    "High": 129.995,
    "Low": 127.41,
    "Close": 129.71,
    "Volume": 96856750
  },
  {
    "Date": "02/17/21",
    "Open": 131.25,
    "High": 132.22,
    "Low": 129.47,
    "Close": 130.84,
    "Volume": 98085250
  },
  {
    "Date": "02/16/21",
    "Open": 135.49,
    "High": 136.01,
    "Low": 132.79,
    "Close": 133.19,
    "Volume": 80576320
  },
  {
    "Date": "02/12/21",
    "Open": 134.35,
    "High": 135.53,
    "Low": 133.6921,
    "Close": 135.37,
    "Volume": 60145129
  },
  {
    "Date": "02/11/21",
    "Open": 135.9,
    "High": 136.39,
    "Low": 133.77,
    "Close": 135.13,
    "Volume": 64280031
  },
  {
    "Date": "02/10/21",
    "Open": 136.48,
    "High": 136.99,
    "Low": 134.4,
    "Close": 135.39,
    "Volume": 73046562
  },
  {
    "Date": "02/09/21",
    "Open": 136.62,
    "High": 137.877,
    "Low": 135.85,
    "Close": 136.01,
    "Volume": 76774211
  },
  {
    "Date": "02/08/21",
    "Open": 136.03,
    "High": 136.96,
    "Low": 134.92,
    "Close": 136.91,
    "Volume": 71297211
  },
  {
    "Date": "02/05/21",
    "Open": 137.35,
    "High": 137.42,
    "Low": 135.86,
    "Close": 136.76,
    "Volume": 75693828
  },
  {
    "Date": "02/04/21",
    "Open": 136.3,
    "High": 137.4,
    "Low": 134.59,
    "Close": 137.39,
    "Volume": 84183055
  },
  {
    "Date": "02/03/21",
    "Open": 135.76,
    "High": 135.77,
    "Low": 133.61,
    "Close": 133.94,
    "Volume": 89880945
  },
  {
    "Date": "02/02/21",
    "Open": 135.73,
    "High": 136.31,
    "Low": 134.61,
    "Close": 134.99,
    "Volume": 83305367
  },
  {
    "Date": "02/01/21",
    "Open": 133.75,
    "High": 135.38,
    "Low": 130.93,
    "Close": 134.14,
    "Volume": 106239797
  },
  {
    "Date": "01/29/21",
    "Open": 135.83,
    "High": 136.74,
    "Low": 130.21,
    "Close": 131.96,
    "Volume": 177523812
  },
  {
    "Date": "01/28/21",
    "Open": 139.52,
    "High": 141.99,
    "Low": 136.7,
    "Close": 137.09,
    "Volume": 142621109
  },
  {
    "Date": "01/27/21",
    "Open": 143.43,
    "High": 144.3,
    "Low": 140.41,
    "Close": 142.06,
    "Volume": 140843812
  },
  {
    "Date": "01/26/21",
    "Open": 143.6,
    "High": 144.3,
    "Low": 141.37,
    "Close": 143.16,
    "Volume": 98390562
  },
  {
    "Date": "01/25/21",
    "Open": 143.07,
    "High": 145.09,
    "Low": 136.54,
    "Close": 142.92,
    "Volume": 157611703
  },
  {
    "Date": "01/22/21",
    "Open": 136.28,
    "High": 139.85,
    "Low": 135.02,
    "Close": 139.07,
    "Volume": 114459398
  },
  {
    "Date": "01/21/21",
    "Open": 133.8,
    "High": 139.67,
    "Low": 133.59,
    "Close": 136.87,
    "Volume": 120529508
  },
  {
    "Date": "01/20/21",
    "Open": 128.66,
    "High": 132.49,
    "Low": 128.55,
    "Close": 132.03,
    "Volume": 104319508
  },
  {
    "Date": "01/19/21",
    "Open": 127.78,
    "High": 128.71,
    "Low": 126.938,
    "Close": 127.83,
    "Volume": 90757328
  },
  {
    "Date": "01/15/21",
    "Open": 128.78,
    "High": 130.2242,
    "Low": 127,
    "Close": 127.14,
    "Volume": 111598492
  },
  {
    "Date": "01/14/21",
    "Open": 130.8,
    "High": 131,
    "Low": 128.76,
    "Close": 128.91,
    "Volume": 90221758
  },
  {
    "Date": "01/13/21",
    "Open": 128.76,
    "High": 131.45,
    "Low": 128.49,
    "Close": 130.89,
    "Volume": 88636828
  },
  {
    "Date": "01/12/21",
    "Open": 128.5,
    "High": 129.69,
    "Low": 126.86,
    "Close": 128.8,
    "Volume": 91951148
  },
  {
    "Date": "01/11/21",
    "Open": 129.19,
    "High": 130.17,
    "Low": 128.5,
    "Close": 128.98,
    "Volume": 100620898
  },
  {
    "Date": "01/08/21",
    "Open": 132.43,
    "High": 132.63,
    "Low": 130.23,
    "Close": 132.05,
    "Volume": 105158203
  },
  {
    "Date": "01/07/21",
    "Open": 128.36,
    "High": 131.63,
    "Low": 127.86,
    "Close": 130.92,
    "Volume": 109578203
  },
  {
    "Date": "01/06/21",
    "Open": 127.72,
    "High": 131.0499,
    "Low": 126.382,
    "Close": 126.6,
    "Volume": 155088000
  },
  {
    "Date": "01/05/21",
    "Open": 128.89,
    "High": 131.74,
    "Low": 128.43,
    "Close": 131.01,
    "Volume": 97664898
  },
  {
    "Date": "01/04/21",
    "Open": 133.52,
    "High": 133.6116,
    "Low": 126.76,
    "Close": 129.41,
    "Volume": 143301906
  },
  {
    "Date": "12/31/20",
    "Open": 134.08,
    "High": 134.74,
    "Low": 131.72,
    "Close": 132.69,
    "Volume": 99116594
  },
  {
    "Date": "12/30/20",
    "Open": 135.58,
    "High": 135.99,
    "Low": 133.4,
    "Close": 133.72,
    "Volume": 96452117
  },
  {
    "Date": "12/29/20",
    "Open": 138.05,
    "High": 138.789,
    "Low": 134.3409,
    "Close": 134.87,
    "Volume": 121047297
  },
  {
    "Date": "12/28/20",
    "Open": 133.99,
    "High": 137.34,
    "Low": 133.51,
    "Close": 136.69,
    "Volume": 124486203
  },
  {
    "Date": "12/24/20",
    "Open": 131.32,
    "High": 133.46,
    "Low": 131.1,
    "Close": 131.97,
    "Volume": 54930059
  },
  {
    "Date": "12/23/20",
    "Open": 132.16,
    "High": 132.43,
    "Low": 130.78,
    "Close": 130.96,
    "Volume": 88223688
  },
  {
    "Date": "12/22/20",
    "Open": 131.61,
    "High": 134.405,
    "Low": 129.65,
    "Close": 131.88,
    "Volume": 169351812
  },
  {
    "Date": "12/21/20",
    "Open": 125.02,
    "High": 128.31,
    "Low": 123.449,
    "Close": 128.23,
    "Volume": 121251602
  },
  {
    "Date": "12/18/20",
    "Open": 128.96,
    "High": 129.1,
    "Low": 126.12,
    "Close": 126.655,
    "Volume": 192541500
  },
  {
    "Date": "12/17/20",
    "Open": 128.9,
    "High": 129.58,
    "Low": 128.045,
    "Close": 128.7,
    "Volume": 94359805
  },
  {
    "Date": "12/16/20",
    "Open": 127.41,
    "High": 128.37,
    "Low": 126.56,
    "Close": 127.81,
    "Volume": 98208594
  },
  {
    "Date": "12/15/20",
    "Open": 124.34,
    "High": 127.9,
    "Low": 124.13,
    "Close": 127.88,
    "Volume": 157572297
  },
  {
    "Date": "12/14/20",
    "Open": 122.6,
    "High": 123.35,
    "Low": 121.54,
    "Close": 121.78,
    "Volume": 79075992
  },
  {
    "Date": "12/11/20",
    "Open": 122.43,
    "High": 122.76,
    "Low": 120.55,
    "Close": 122.41,
    "Volume": 86939789
  },
  {
    "Date": "12/10/20",
    "Open": 120.5,
    "High": 123.87,
    "Low": 120.15,
    "Close": 123.24,
    "Volume": 81312172
  },
  {
    "Date": "12/09/20",
    "Open": 124.53,
    "High": 125.95,
    "Low": 121,
    "Close": 121.78,
    "Volume": 115089203
  },
  {
    "Date": "12/08/20",
    "Open": 124.37,
    "High": 124.98,
    "Low": 123.09,
    "Close": 124.38,
    "Volume": 82225516
  },
  {
    "Date": "12/07/20",
    "Open": 122.31,
    "High": 124.57,
    "Low": 122.25,
    "Close": 123.75,
    "Volume": 86711992
  },
  {
    "Date": "12/04/20",
    "Open": 122.6,
    "High": 122.8608,
    "Low": 121.52,
    "Close": 122.25,
    "Volume": 78260414
  },
  {
    "Date": "12/03/20",
    "Open": 123.52,
    "High": 123.78,
    "Low": 122.21,
    "Close": 122.94,
    "Volume": 78967633
  },
  {
    "Date": "12/02/20",
    "Open": 122.02,
    "High": 123.37,
    "Low": 120.89,
    "Close": 123.08,
    "Volume": 89004203
  },
  {
    "Date": "12/01/20",
    "Open": 121.01,
    "High": 123.4693,
    "Low": 120.01,
    "Close": 122.72,
    "Volume": 128166797
  },
  {
    "Date": "11/30/20",
    "Open": 116.97,
    "High": 120.97,
    "Low": 116.81,
    "Close": 119.05,
    "Volume": 169410203
  },
  {
    "Date": "11/27/20",
    "Open": 116.57,
    "High": 117.49,
    "Low": 116.22,
    "Close": 116.59,
    "Volume": 46691328
  },
  {
    "Date": "11/25/20",
    "Open": 115.55,
    "High": 116.75,
    "Low": 115.17,
    "Close": 116.03,
    "Volume": 76499234
  },
  {
    "Date": "11/24/20",
    "Open": 113.91,
    "High": 115.85,
    "Low": 112.59,
    "Close": 115.17,
    "Volume": 113874203
  },
  {
    "Date": "11/23/20",
    "Open": 117.18,
    "High": 117.6202,
    "Low": 113.75,
    "Close": 113.85,
    "Volume": 127959297
  },
  {
    "Date": "11/20/20",
    "Open": 118.64,
    "High": 118.77,
    "Low": 117.29,
    "Close": 117.34,
    "Volume": 73604289
  },
  {
    "Date": "11/19/20",
    "Open": 117.59,
    "High": 119.06,
    "Low": 116.81,
    "Close": 118.64,
    "Volume": 74112969
  },
  {
    "Date": "11/18/20",
    "Open": 118.61,
    "High": 119.82,
    "Low": 118,
    "Close": 118.03,
    "Volume": 76322109
  },
  {
    "Date": "11/17/20",
    "Open": 119.55,
    "High": 120.6741,
    "Low": 118.96,
    "Close": 119.39,
    "Volume": 74270969
  },
  {
    "Date": "11/16/20",
    "Open": 118.92,
    "High": 120.99,
    "Low": 118.146,
    "Close": 120.3,
    "Volume": 91183023
  },
  {
    "Date": "11/13/20",
    "Open": 119.44,
    "High": 119.6717,
    "Low": 117.87,
    "Close": 119.26,
    "Volume": 81688594
  },
  {
    "Date": "11/12/20",
    "Open": 119.62,
    "High": 120.53,
    "Low": 118.57,
    "Close": 119.21,
    "Volume": 103350703
  },
  {
    "Date": "11/11/20",
    "Open": 117.19,
    "High": 119.63,
    "Low": 116.44,
    "Close": 119.49,
    "Volume": 112295000
  },
  {
    "Date": "11/10/20",
    "Open": 115.55,
    "High": 117.59,
    "Low": 114.13,
    "Close": 115.97,
    "Volume": 138023391
  },
  {
    "Date": "11/09/20",
    "Open": 120.5,
    "High": 121.99,
    "Low": 116.05,
    "Close": 116.32,
    "Volume": 154515297
  },
  {
    "Date": "11/06/20",
    "Open": 118.32,
    "High": 119.2,
    "Low": 116.13,
    "Close": 118.69,
    "Volume": 114457906
  },
  {
    "Date": "11/05/20",
    "Open": 117.95,
    "High": 119.62,
    "Low": 116.8686,
    "Close": 119.03,
    "Volume": 126387102
  },
  {
    "Date": "11/04/20",
    "Open": 114.14,
    "High": 115.59,
    "Low": 112.35,
    "Close": 114.95,
    "Volume": 138235500
  },
  {
    "Date": "11/03/20",
    "Open": 109.66,
    "High": 111.49,
    "Low": 108.73,
    "Close": 110.44,
    "Volume": 107624398
  },
  {
    "Date": "11/02/20",
    "Open": 109.11,
    "High": 110.68,
    "Low": 107.32,
    "Close": 108.77,
    "Volume": 122866898
  },
  {
    "Date": "10/30/20",
    "Open": 111.06,
    "High": 111.99,
    "Low": 107.72,
    "Close": 108.86,
    "Volume": 190573500
  },
  {
    "Date": "10/29/20",
    "Open": 112.37,
    "High": 116.93,
    "Low": 112.2,
    "Close": 115.32,
    "Volume": 146129203
  },
  {
    "Date": "10/28/20",
    "Open": 115.05,
    "High": 115.43,
    "Low": 111.1,
    "Close": 111.2,
    "Volume": 143937797
  },
  {
    "Date": "10/27/20",
    "Open": 115.49,
    "High": 117.28,
    "Low": 114.5399,
    "Close": 116.6,
    "Volume": 92276766
  },
  {
    "Date": "10/26/20",
    "Open": 114.01,
    "High": 116.55,
    "Low": 112.88,
    "Close": 115.05,
    "Volume": 111850703
  },
  {
    "Date": "10/23/20",
    "Open": 116.39,
    "High": 116.55,
    "Low": 114.28,
    "Close": 115.04,
    "Volume": 82572648
  },
  {
    "Date": "10/22/20",
    "Open": 117.45,
    "High": 118.04,
    "Low": 114.59,
    "Close": 115.75,
    "Volume": 101988000
  },
  {
    "Date": "10/21/20",
    "Open": 116.67,
    "High": 118.705,
    "Low": 116.45,
    "Close": 116.87,
    "Volume": 89945984
  },
  {
    "Date": "10/20/20",
    "Open": 116.2,
    "High": 118.98,
    "Low": 115.63,
    "Close": 117.51,
    "Volume": 124423695
  },
  {
    "Date": "10/19/20",
    "Open": 119.96,
    "High": 120.419,
    "Low": 115.66,
    "Close": 115.98,
    "Volume": 120639297
  },
  {
    "Date": "10/16/20",
    "Open": 121.28,
    "High": 121.548,
    "Low": 118.81,
    "Close": 119.02,
    "Volume": 115393797
  },
  {
    "Date": "10/15/20",
    "Open": 118.72,
    "High": 121.2,
    "Low": 118.15,
    "Close": 120.71,
    "Volume": 112559203
  },
  {
    "Date": "10/14/20",
    "Open": 121,
    "High": 123.03,
    "Low": 119.62,
    "Close": 121.19,
    "Volume": 151062297
  },
  {
    "Date": "10/13/20",
    "Open": 125.27,
    "High": 125.39,
    "Low": 119.65,
    "Close": 121.1,
    "Volume": 262330500
  },
  {
    "Date": "10/12/20",
    "Open": 120.06,
    "High": 125.18,
    "Low": 119.2845,
    "Close": 124.4,
    "Volume": 240226797
  },
  {
    "Date": "10/09/20",
    "Open": 115.28,
    "High": 117,
    "Low": 114.92,
    "Close": 116.97,
    "Volume": 100506898
  },
  {
    "Date": "10/08/20",
    "Open": 116.25,
    "High": 116.4,
    "Low": 114.5901,
    "Close": 114.97,
    "Volume": 83477148
  },
  {
    "Date": "10/07/20",
    "Open": 114.62,
    "High": 115.55,
    "Low": 114.13,
    "Close": 115.08,
    "Volume": 96848992
  },
  {
    "Date": "10/06/20",
    "Open": 115.7,
    "High": 116.12,
    "Low": 112.25,
    "Close": 113.16,
    "Volume": 161498203
  },
  {
    "Date": "10/05/20",
    "Open": 113.91,
    "High": 116.65,
    "Low": 113.55,
    "Close": 116.5,
    "Volume": 106243797
  },
  {
    "Date": "10/02/20",
    "Open": 112.89,
    "High": 115.37,
    "Low": 112.22,
    "Close": 113.02,
    "Volume": 144712000
  },
  {
    "Date": "10/01/20",
    "Open": 117.64,
    "High": 117.72,
    "Low": 115.83,
    "Close": 116.79,
    "Volume": 116120398
  },
  {
    "Date": "09/30/20",
    "Open": 113.79,
    "High": 117.26,
    "Low": 113.62,
    "Close": 115.81,
    "Volume": 142675203
  },
  {
    "Date": "09/29/20",
    "Open": 114.55,
    "High": 115.31,
    "Low": 113.57,
    "Close": 114.09,
    "Volume": 100060492
  },
  {
    "Date": "09/28/20",
    "Open": 115.01,
    "High": 115.32,
    "Low": 112.78,
    "Close": 114.96,
    "Volume": 137672406
  },
  {
    "Date": "09/25/20",
    "Open": 108.43,
    "High": 112.44,
    "Low": 107.67,
    "Close": 112.28,
    "Volume": 149981406
  },
  {
    "Date": "09/24/20",
    "Open": 105.17,
    "High": 110.25,
    "Low": 105,
    "Close": 108.22,
    "Volume": 167743297
  },
  {
    "Date": "09/23/20",
    "Open": 111.62,
    "High": 112.11,
    "Low": 106.77,
    "Close": 107.12,
    "Volume": 150718703
  },
  {
    "Date": "09/22/20",
    "Open": 112.68,
    "High": 112.86,
    "Low": 109.16,
    "Close": 111.81,
    "Volume": 183055391
  },
  {
    "Date": "09/21/20",
    "Open": 104.54,
    "High": 110.19,
    "Low": 103.1,
    "Close": 110.08,
    "Volume": 195713797
  },
  {
    "Date": "09/18/20",
    "Open": 110.4,
    "High": 110.88,
    "Low": 106.09,
    "Close": 106.84,
    "Volume": 287104906
  },
  {
    "Date": "09/17/20",
    "Open": 109.72,
    "High": 112.2,
    "Low": 108.71,
    "Close": 110.34,
    "Volume": 178011016
  },
  {
    "Date": "09/16/20",
    "Open": 115.23,
    "High": 116,
    "Low": 112.04,
    "Close": 112.13,
    "Volume": 155026703
  },
  {
    "Date": "09/15/20",
    "Open": 118.33,
    "High": 118.829,
    "Low": 113.61,
    "Close": 115.54,
    "Volume": 184642000
  },
  {
    "Date": "09/14/20",
    "Open": 114.72,
    "High": 115.93,
    "Low": 112.8,
    "Close": 115.355,
    "Volume": 140150094
  },
  {
    "Date": "09/11/20",
    "Open": 114.57,
    "High": 115.23,
    "Low": 110,
    "Close": 112,
    "Volume": 180860297
  },
  {
    "Date": "09/10/20",
    "Open": 120.36,
    "High": 120.5,
    "Low": 112.5,
    "Close": 113.49,
    "Volume": 182274406
  },
  {
    "Date": "09/09/20",
    "Open": 117.26,
    "High": 119.14,
    "Low": 115.26,
    "Close": 117.32,
    "Volume": 176940500
  },
  {
    "Date": "09/08/20",
    "Open": 113.95,
    "High": 118.99,
    "Low": 112.68,
    "Close": 112.82,
    "Volume": 231366594
  },
  {
    "Date": "09/04/20",
    "Open": 120.07,
    "High": 123.7,
    "Low": 110.89,
    "Close": 120.96,
    "Volume": 332607188
  },
  {
    "Date": "09/03/20",
    "Open": 126.91,
    "High": 128.84,
    "Low": 120.5,
    "Close": 120.88,
    "Volume": 257599594
  },
  {
    "Date": "09/02/20",
    "Open": 137.59,
    "High": 137.98,
    "Low": 127,
    "Close": 131.4,
    "Volume": 200119016
  },
  {
    "Date": "09/01/20",
    "Open": 132.76,
    "High": 134.8,
    "Low": 130.53,
    "Close": 134.18,
    "Volume": 152470094
  },
  {
    "Date": "08/31/20",
    "Open": 127.58,
    "High": 131,
    "Low": 126,
    "Close": 129.04,
    "Volume": 225702703
  },
  {
    "Date": "08/28/20",
    "Open": 126.0125,
    "High": 126.4425,
    "Low": 124.5775,
    "Close": 124.8075,
    "Volume": 187629920
  },
  {
    "Date": "08/27/20",
    "Open": 127.1425,
    "High": 127.485,
    "Low": 123.8325,
    "Close": 125.01,
    "Volume": 155552408
  },
  {
    "Date": "08/26/20",
    "Open": 126.1793,
    "High": 126.9925,
    "Low": 125.0825,
    "Close": 126.5225,
    "Volume": 163022264
  },
  {
    "Date": "08/25/20",
    "Open": 124.6975,
    "High": 125.1793,
    "Low": 123.0525,
    "Close": 124.825,
    "Volume": 211495812
  },
  {
    "Date": "08/24/20",
    "Open": 128.6975,
    "High": 128.785,
    "Low": 123.9363,
    "Close": 125.8575,
    "Volume": 345937752
  },
  {
    "Date": "08/21/20",
    "Open": 119.2625,
    "High": 124.868,
    "Low": 119.25,
    "Close": 124.37,
    "Volume": 338054656
  },
  {
    "Date": "08/20/20",
    "Open": 115.75,
    "High": 118.392,
    "Low": 115.7334,
    "Close": 118.275,
    "Volume": 126907204
  },
  {
    "Date": "08/19/20",
    "Open": 115.9833,
    "High": 117.1625,
    "Low": 115.61,
    "Close": 115.7075,
    "Volume": 145538000
  },
  {
    "Date": "08/18/20",
    "Open": 114.3525,
    "High": 116,
    "Low": 114.0075,
    "Close": 115.5625,
    "Volume": 105633564
  },
  {
    "Date": "08/17/20",
    "Open": 116.0625,
    "High": 116.0875,
    "Low": 113.9625,
    "Close": 114.6075,
    "Volume": 119561436
  },
  {
    "Date": "08/14/20",
    "Open": 114.8288,
    "High": 115,
    "Low": 113.045,
    "Close": 114.9075,
    "Volume": 165565204
  },
  {
    "Date": "08/13/20",
    "Open": 114.43,
    "High": 116.0425,
    "Low": 113.9275,
    "Close": 115.01,
    "Volume": 210082080
  },
  {
    "Date": "08/12/20",
    "Open": 110.4975,
    "High": 113.275,
    "Low": 110.2975,
    "Close": 113.01,
    "Volume": 165944828
  },
  {
    "Date": "08/11/20",
    "Open": 111.9688,
    "High": 112.4825,
    "Low": 109.1067,
    "Close": 109.375,
    "Volume": 187902376
  },
  {
    "Date": "08/10/20",
    "Open": 112.6,
    "High": 113.775,
    "Low": 110,
    "Close": 112.7275,
    "Volume": 212403436
  },
  {
    "Date": "08/07/20",
    "Open": 113.205,
    "High": 113.675,
    "Low": 110.2925,
    "Close": 111.1125,
    "Volume": 198045592
  },
  {
    "Date": "08/06/20",
    "Open": 110.405,
    "High": 114.4125,
    "Low": 109.7975,
    "Close": 113.9025,
    "Volume": 202428920
  },
  {
    "Date": "08/05/20",
    "Open": 109.3775,
    "High": 110.3925,
    "Low": 108.8975,
    "Close": 110.0625,
    "Volume": 121991960
  },
  {
    "Date": "08/04/20",
    "Open": 109.1325,
    "High": 110.79,
    "Low": 108.3875,
    "Close": 109.665,
    "Volume": 172792360
  },
  {
    "Date": "08/03/20",
    "Open": 108.2,
    "High": 111.6364,
    "Low": 107.8925,
    "Close": 108.9375,
    "Volume": 308151408
  },
  {
    "Date": "07/31/20",
    "Open": 102.8838,
    "High": 106.415,
    "Low": 100.825,
    "Close": 106.26,
    "Volume": 374295500
  },
  {
    "Date": "07/30/20",
    "Open": 94.1875,
    "High": 96.2975,
    "Low": 93.7675,
    "Close": 96.19,
    "Volume": 158130048
  },
  {
    "Date": "07/29/20",
    "Open": 93.75,
    "High": 95.23,
    "Low": 93.7125,
    "Close": 95.04,
    "Volume": 90329244
  },
  {
    "Date": "07/28/20",
    "Open": 94.3675,
    "High": 94.5497,
    "Low": 93.2475,
    "Close": 93.2525,
    "Volume": 103625524
  },
  {
    "Date": "07/27/20",
    "Open": 93.71,
    "High": 94.905,
    "Low": 93.48,
    "Close": 94.81,
    "Volume": 121214204
  },
  {
    "Date": "07/24/20",
    "Open": 90.9875,
    "High": 92.97,
    "Low": 89.145,
    "Close": 92.615,
    "Volume": 185438876
  },
  {
    "Date": "07/23/20",
    "Open": 96.9985,
    "High": 97.0775,
    "Low": 92.0098,
    "Close": 92.845,
    "Volume": 197004452
  },
  {
    "Date": "07/22/20",
    "Open": 96.6925,
    "High": 97.975,
    "Low": 96.6025,
    "Close": 97.2725,
    "Volume": 89001640
  },
  {
    "Date": "07/21/20",
    "Open": 99.1725,
    "High": 99.25,
    "Low": 96.7425,
    "Close": 97,
    "Volume": 103645844
  },
  {
    "Date": "07/20/20",
    "Open": 96.4163,
    "High": 98.5,
    "Low": 96.0625,
    "Close": 98.3575,
    "Volume": 90317920
  },
  {
    "Date": "07/17/20",
    "Open": 96.9875,
    "High": 97.1475,
    "Low": 95.84,
    "Close": 96.3275,
    "Volume": 92186920
  },
  {
    "Date": "07/16/20",
    "Open": 96.5625,
    "High": 97.405,
    "Low": 95.905,
    "Close": 96.5225,
    "Volume": 110577680
  },
  {
    "Date": "07/15/20",
    "Open": 98.99,
    "High": 99.2475,
    "Low": 96.49,
    "Close": 97.725,
    "Volume": 153197920
  },
  {
    "Date": "07/14/20",
    "Open": 94.84,
    "High": 97.255,
    "Low": 93.8775,
    "Close": 97.0575,
    "Volume": 170989360
  },
  {
    "Date": "07/13/20",
    "Open": 97.265,
    "High": 99.955,
    "Low": 95.2575,
    "Close": 95.4775,
    "Volume": 191649156
  },
  {
    "Date": "07/10/20",
    "Open": 95.335,
    "High": 95.98,
    "Low": 94.7052,
    "Close": 95.92,
    "Volume": 90257320
  },
  {
    "Date": "07/09/20",
    "Open": 96.2625,
    "High": 96.3175,
    "Low": 94.6725,
    "Close": 95.6825,
    "Volume": 125642600
  },
  {
    "Date": "07/08/20",
    "Open": 94.18,
    "High": 95.375,
    "Low": 94.09,
    "Close": 95.3425,
    "Volume": 117091884
  },
  {
    "Date": "07/07/20",
    "Open": 93.8525,
    "High": 94.655,
    "Low": 93.0575,
    "Close": 93.1725,
    "Volume": 112424436
  },
  {
    "Date": "07/06/20",
    "Open": 92.5,
    "High": 93.945,
    "Low": 92.4675,
    "Close": 93.4625,
    "Volume": 118655640
  },
  {
    "Date": "07/02/20",
    "Open": 91.9625,
    "High": 92.6175,
    "Low": 90.91,
    "Close": 91.0275,
    "Volume": 114041476
  },
  {
    "Date": "07/01/20",
    "Open": 91.28,
    "High": 91.84,
    "Low": 90.9775,
    "Close": 91.0275,
    "Volume": 110737244
  },
  {
    "Date": "06/30/20",
    "Open": 90.02,
    "High": 91.495,
    "Low": 90,
    "Close": 91.2,
    "Volume": 140223280
  },
  {
    "Date": "06/29/20",
    "Open": 88.3125,
    "High": 90.5434,
    "Low": 87.82,
    "Close": 90.445,
    "Volume": 130646080
  },
  {
    "Date": "06/26/20",
    "Open": 91.1025,
    "High": 91.33,
    "Low": 88.255,
    "Close": 88.4075,
    "Volume": 205256828
  },
  {
    "Date": "06/25/20",
    "Open": 90.175,
    "High": 91.25,
    "Low": 89.3925,
    "Close": 91.21,
    "Volume": 137522532
  },
  {
    "Date": "06/24/20",
    "Open": 91.25,
    "High": 92.1975,
    "Low": 89.63,
    "Close": 90.015,
    "Volume": 192623392
  },
  {
    "Date": "06/23/20",
    "Open": 91,
    "High": 93.095,
    "Low": 90.5675,
    "Close": 91.6325,
    "Volume": 212155484
  },
  {
    "Date": "06/22/20",
    "Open": 87.835,
    "High": 89.865,
    "Low": 87.7875,
    "Close": 89.7175,
    "Volume": 135445280
  },
  {
    "Date": "06/19/20",
    "Open": 88.6588,
    "High": 89.14,
    "Low": 86.2875,
    "Close": 87.43,
    "Volume": 264475812
  },
  {
    "Date": "06/18/20",
    "Open": 87.8525,
    "High": 88.3625,
    "Low": 87.305,
    "Close": 87.9325,
    "Volume": 96820400
  },
  {
    "Date": "06/17/20",
    "Open": 88.7875,
    "High": 88.85,
    "Low": 87.7725,
    "Close": 87.8975,
    "Volume": 114406524
  },
  {
    "Date": "06/16/20",
    "Open": 87.865,
    "High": 88.3,
    "Low": 86.18,
    "Close": 88.02,
    "Volume": 165428720
  },
  {
    "Date": "06/15/20",
    "Open": 83.3125,
    "High": 86.42,
    "Low": 83.145,
    "Close": 85.7475,
    "Volume": 138808920
  },
  {
    "Date": "06/12/20",
    "Open": 86.18,
    "High": 86.95,
    "Low": 83.5558,
    "Close": 84.7,
    "Volume": 200146048
  },
  {
    "Date": "06/11/20",
    "Open": 87.3275,
    "High": 87.765,
    "Low": 83.87,
    "Close": 83.975,
    "Volume": 201662436
  },
  {
    "Date": "06/10/20",
    "Open": 86.975,
    "High": 88.6925,
    "Low": 86.5225,
    "Close": 88.21,
    "Volume": 166651764
  },
  {
    "Date": "06/09/20",
    "Open": 83.035,
    "High": 86.4025,
    "Low": 83.0025,
    "Close": 85.9975,
    "Volume": 147712360
  },
  {
    "Date": "06/08/20",
    "Open": 82.5625,
    "High": 83.4,
    "Low": 81.83,
    "Close": 83.365,
    "Volume": 95654524
  },
  {
    "Date": "06/05/20",
    "Open": 80.8375,
    "High": 82.9375,
    "Low": 80.8075,
    "Close": 82.875,
    "Volume": 137250204
  },
  {
    "Date": "06/04/20",
    "Open": 81.0975,
    "High": 81.405,
    "Low": 80.195,
    "Close": 80.58,
    "Volume": 87560360
  },
  {
    "Date": "06/03/20",
    "Open": 81.165,
    "High": 81.55,
    "Low": 80.575,
    "Close": 81.28,
    "Volume": 104491204
  },
  {
    "Date": "06/02/20",
    "Open": 80.1863,
    "High": 80.86,
    "Low": 79.7325,
    "Close": 80.835,
    "Volume": 87642796
  },
  {
    "Date": "06/01/20",
    "Open": 79.4375,
    "High": 80.5875,
    "Low": 79.3025,
    "Close": 80.4625,
    "Volume": 81018600
  },
  {
    "Date": "05/29/20",
    "Open": 79.8125,
    "High": 80.2875,
    "Low": 79.1175,
    "Close": 79.485,
    "Volume": 153598108
  },
  {
    "Date": "05/28/20",
    "Open": 79.1925,
    "High": 80.86,
    "Low": 78.9075,
    "Close": 79.5625,
    "Volume": 133796408
  },
  {
    "Date": "05/27/20",
    "Open": 79.035,
    "High": 79.6775,
    "Low": 78.2725,
    "Close": 79.5275,
    "Volume": 112945080
  },
  {
    "Date": "05/26/20",
    "Open": 80.875,
    "High": 81.06,
    "Low": 79.125,
    "Close": 79.1825,
    "Volume": 125521796
  },
  {
    "Date": "05/22/20",
    "Open": 78.9425,
    "High": 79.8075,
    "Low": 78.8375,
    "Close": 79.7225,
    "Volume": 81803000
  },
  {
    "Date": "05/21/20",
    "Open": 79.665,
    "High": 80.2225,
    "Low": 78.9675,
    "Close": 79.2125,
    "Volume": 102688844
  },
  {
    "Date": "05/20/20",
    "Open": 79.17,
    "High": 79.88,
    "Low": 79.05,
    "Close": 79.8075,
    "Volume": 111504884
  },
  {
    "Date": "05/19/20",
    "Open": 78.7575,
    "High": 79.63,
    "Low": 78.2525,
    "Close": 78.285,
    "Volume": 101729564
  },
  {
    "Date": "05/18/20",
    "Open": 78.2925,
    "High": 79.125,
    "Low": 77.581,
    "Close": 78.74,
    "Volume": 135372516
  },
  {
    "Date": "05/15/20",
    "Open": 75.0875,
    "High": 76.975,
    "Low": 75.0525,
    "Close": 76.9275,
    "Volume": 166348360
  },
  {
    "Date": "05/14/20",
    "Open": 76.1275,
    "High": 77.4475,
    "Low": 75.3825,
    "Close": 77.385,
    "Volume": 158929092
  },
  {
    "Date": "05/13/20",
    "Open": 78.0375,
    "High": 78.9875,
    "Low": 75.8025,
    "Close": 76.9125,
    "Volume": 200622564
  },
  {
    "Date": "05/12/20",
    "Open": 79.4575,
    "High": 79.922,
    "Low": 77.7275,
    "Close": 77.8525,
    "Volume": 162301048
  },
  {
    "Date": "05/11/20",
    "Open": 77.025,
    "High": 79.2625,
    "Low": 76.81,
    "Close": 78.7525,
    "Volume": 145946236
  },
  {
    "Date": "05/08/20",
    "Open": 76.41,
    "High": 77.5875,
    "Low": 76.0725,
    "Close": 77.5325,
    "Volume": 134047952
  },
  {
    "Date": "05/07/20",
    "Open": 75.805,
    "High": 76.2925,
    "Low": 75.4925,
    "Close": 75.935,
    "Volume": 115215040
  },
  {
    "Date": "05/06/20",
    "Open": 75.115,
    "High": 75.81,
    "Low": 74.7175,
    "Close": 75.1575,
    "Volume": 142333764
  },
  {
    "Date": "05/05/20",
    "Open": 73.765,
    "High": 75.25,
    "Low": 73.615,
    "Close": 74.39,
    "Volume": 147751204
  },
  {
    "Date": "05/04/20",
    "Open": 72.2925,
    "High": 73.4225,
    "Low": 71.5793,
    "Close": 73.29,
    "Volume": 133567952
  },
  {
    "Date": "05/01/20",
    "Open": 71.5625,
    "High": 74.75,
    "Low": 71.4625,
    "Close": 72.2675,
    "Volume": 240616720
  },
  {
    "Date": "04/30/20",
    "Open": 72.49,
    "High": 73.6325,
    "Low": 72.0875,
    "Close": 73.45,
    "Volume": 183063876
  },
  {
    "Date": "04/29/20",
    "Open": 71.1825,
    "High": 72.4175,
    "Low": 70.9725,
    "Close": 71.9325,
    "Volume": 137280796
  },
  {
    "Date": "04/28/20",
    "Open": 71.27,
    "High": 71.4575,
    "Low": 69.55,
    "Close": 69.645,
    "Volume": 112004756
  },
  {
    "Date": "04/27/20",
    "Open": 70.45,
    "High": 71.135,
    "Low": 69.9875,
    "Close": 70.7925,
    "Volume": 117087564
  },
  {
    "Date": "04/24/20",
    "Open": 69.3,
    "High": 70.7525,
    "Low": 69.25,
    "Close": 70.7425,
    "Volume": 126508720
  },
  {
    "Date": "04/23/20",
    "Open": 68.9675,
    "High": 70.4375,
    "Low": 68.7175,
    "Close": 68.7575,
    "Volume": 124814320
  },
  {
    "Date": "04/22/20",
    "Open": 68.4025,
    "High": 69.475,
    "Low": 68.05,
    "Close": 69.025,
    "Volume": 117057360
  },
  {
    "Date": "04/21/20",
    "Open": 69.07,
    "High": 69.3125,
    "Low": 66.3575,
    "Close": 67.0925,
    "Volume": 180991548
  },
  {
    "Date": "04/20/20",
    "Open": 69.4875,
    "High": 70.42,
    "Low": 69.2125,
    "Close": 69.2325,
    "Volume": 130015000
  },
  {
    "Date": "04/17/20",
    "Open": 71.1725,
    "High": 71.7363,
    "Low": 69.215,
    "Close": 70.7,
    "Volume": 215249920
  },
  {
    "Date": "04/16/20",
    "Open": 71.845,
    "High": 72.0494,
    "Low": 70.5875,
    "Close": 71.6725,
    "Volume": 157125156
  },
  {
    "Date": "04/15/20",
    "Open": 70.6,
    "High": 71.5825,
    "Low": 70.1575,
    "Close": 71.1075,
    "Volume": 131154564
  },
  {
    "Date": "04/14/20",
    "Open": 70,
    "High": 72.0625,
    "Low": 69.5125,
    "Close": 71.7625,
    "Volume": 194994688
  },
  {
    "Date": "04/13/20",
    "Open": 67.0775,
    "High": 68.425,
    "Low": 66.4575,
    "Close": 68.3125,
    "Volume": 131022920
  },
  {
    "Date": "04/09/20",
    "Open": 67.175,
    "High": 67.5175,
    "Low": 66.175,
    "Close": 66.9975,
    "Volume": 162116484
  },
  {
    "Date": "04/08/20",
    "Open": 65.685,
    "High": 66.8425,
    "Low": 65.3075,
    "Close": 66.5175,
    "Volume": 168895280
  },
  {
    "Date": "04/07/20",
    "Open": 67.7,
    "High": 67.925,
    "Low": 64.75,
    "Close": 64.8575,
    "Volume": 202887328
  },
  {
    "Date": "04/06/20",
    "Open": 62.725,
    "High": 65.7775,
    "Low": 62.345,
    "Close": 65.6175,
    "Volume": 200337200
  },
  {
    "Date": "04/03/20",
    "Open": 60.7,
    "High": 61.425,
    "Low": 59.7435,
    "Close": 60.3525,
    "Volume": 129880080
  },
  {
    "Date": "04/02/20",
    "Open": 60.085,
    "High": 61.2875,
    "Low": 59.225,
    "Close": 61.2325,
    "Volume": 165933952
  },
  {
    "Date": "04/01/20",
    "Open": 61.625,
    "High": 62.18,
    "Low": 59.7825,
    "Close": 60.2275,
    "Volume": 176218564
  },
  {
    "Date": "03/31/20",
    "Open": 63.9,
    "High": 65.6225,
    "Low": 63,
    "Close": 63.5725,
    "Volume": 197002000
  },
  {
    "Date": "03/30/20",
    "Open": 62.685,
    "High": 63.88,
    "Low": 62.35,
    "Close": 63.7025,
    "Volume": 167976452
  },
  {
    "Date": "03/27/20",
    "Open": 63.1875,
    "High": 63.9675,
    "Low": 61.7625,
    "Close": 61.935,
    "Volume": 204216608
  },
  {
    "Date": "03/26/20",
    "Open": 61.63,
    "High": 64.67,
    "Low": 61.59,
    "Close": 64.61,
    "Volume": 252560672
  },
  {
    "Date": "03/25/20",
    "Open": 62.6875,
    "High": 64.5625,
    "Low": 61.075,
    "Close": 61.38,
    "Volume": 303602064
  },
  {
    "Date": "03/24/20",
    "Open": 59.09,
    "High": 61.9225,
    "Low": 58.575,
    "Close": 61.72,
    "Volume": 287531064
  },
  {
    "Date": "03/23/20",
    "Open": 57.02,
    "High": 57.1249,
    "Low": 53.1525,
    "Close": 56.0925,
    "Volume": 336752844
  },
  {
    "Date": "03/20/20",
    "Open": 61.795,
    "High": 62.9575,
    "Low": 57,
    "Close": 57.31,
    "Volume": 401693188
  },
  {
    "Date": "03/19/20",
    "Open": 61.8463,
    "High": 63.21,
    "Low": 60.6525,
    "Close": 61.195,
    "Volume": 271857032
  },
  {
    "Date": "03/18/20",
    "Open": 59.9425,
    "High": 62.5,
    "Low": 59.28,
    "Close": 61.6675,
    "Volume": 300233624
  },
  {
    "Date": "03/17/20",
    "Open": 61.8775,
    "High": 64.4025,
    "Low": 59.6,
    "Close": 63.215,
    "Volume": 324055876
  },
  {
    "Date": "03/16/20",
    "Open": 60.4875,
    "High": 64.77,
    "Low": 60,
    "Close": 60.5525,
    "Volume": 322423500
  },
  {
    "Date": "03/13/20",
    "Open": 66.2225,
    "High": 69.98,
    "Low": 63.2375,
    "Close": 69.4925,
    "Volume": 370732124
  },
  {
    "Date": "03/12/20",
    "Open": 63.985,
    "High": 67.5,
    "Low": 62,
    "Close": 62.0575,
    "Volume": 418473968
  },
  {
    "Date": "03/11/20",
    "Open": 69.3475,
    "High": 70.305,
    "Low": 67.965,
    "Close": 68.8575,
    "Volume": 256379876
  },
  {
    "Date": "03/10/20",
    "Open": 69.285,
    "High": 71.61,
    "Low": 67.3425,
    "Close": 71.335,
    "Volume": 285290092
  },
  {
    "Date": "03/09/20",
    "Open": 65.9375,
    "High": 69.5225,
    "Low": 65.75,
    "Close": 66.5425,
    "Volume": 286744844
  },
  {
    "Date": "03/06/20",
    "Open": 70.5,
    "High": 72.705,
    "Low": 70.3075,
    "Close": 72.2575,
    "Volume": 226176984
  },
  {
    "Date": "03/05/20",
    "Open": 73.88,
    "High": 74.8875,
    "Low": 72.8525,
    "Close": 73.23,
    "Volume": 187572876
  },
  {
    "Date": "03/04/20",
    "Open": 74.11,
    "High": 75.85,
    "Low": 73.2825,
    "Close": 75.685,
    "Volume": 219178264
  },
  {
    "Date": "03/03/20",
    "Open": 75.9175,
    "High": 76,
    "Low": 71.45,
    "Close": 72.33,
    "Volume": 319475408
  },
  {
    "Date": "03/02/20",
    "Open": 70.57,
    "High": 75.36,
    "Low": 69.43,
    "Close": 74.7025,
    "Volume": 341397376
  },
  {
    "Date": "02/28/20",
    "Open": 64.315,
    "High": 69.6025,
    "Low": 64.0925,
    "Close": 68.34,
    "Volume": 426884812
  },
  {
    "Date": "02/27/20",
    "Open": 70.275,
    "High": 71.5,
    "Low": 68.24,
    "Close": 68.38,
    "Volume": 320605500
  },
  {
    "Date": "02/26/20",
    "Open": 71.6325,
    "High": 74.47,
    "Low": 71.625,
    "Close": 73.1625,
    "Volume": 198713736
  },
  {
    "Date": "02/25/20",
    "Open": 75.2375,
    "High": 75.6325,
    "Low": 71.5325,
    "Close": 72.02,
    "Volume": 230673436
  },
  {
    "Date": "02/24/20",
    "Open": 74.315,
    "High": 76.045,
    "Low": 72.3075,
    "Close": 74.545,
    "Volume": 222195328
  },
  {
    "Date": "02/21/20",
    "Open": 79.655,
    "High": 80.1125,
    "Low": 77.625,
    "Close": 78.2625,
    "Volume": 129705680
  },
  {
    "Date": "02/20/20",
    "Open": 80.6575,
    "High": 81.1625,
    "Low": 79.5525,
    "Close": 80.075,
    "Volume": 100565960
  },
  {
    "Date": "02/19/20",
    "Open": 80,
    "High": 81.1425,
    "Low": 80,
    "Close": 80.905,
    "Volume": 93983960
  },
  {
    "Date": "02/18/20",
    "Open": 78.84,
    "High": 79.9375,
    "Low": 78.6525,
    "Close": 79.75,
    "Volume": 152762204
  },
  {
    "Date": "02/14/20",
    "Open": 81.185,
    "High": 81.495,
    "Low": 80.7125,
    "Close": 81.2375,
    "Volume": 80113796
  },
  {
    "Date": "02/13/20",
    "Open": 81.0475,
    "High": 81.555,
    "Low": 80.8375,
    "Close": 81.2175,
    "Volume": 94747564
  },
  {
    "Date": "02/12/20",
    "Open": 80.3675,
    "High": 81.805,
    "Low": 80.3675,
    "Close": 81.8,
    "Volume": 113730280
  },
  {
    "Date": "02/11/20",
    "Open": 80.9,
    "High": 80.975,
    "Low": 79.6775,
    "Close": 79.9025,
    "Volume": 94323116
  },
  {
    "Date": "02/10/20",
    "Open": 78.545,
    "High": 80.3875,
    "Low": 78.4625,
    "Close": 80.3875,
    "Volume": 109348884
  },
  {
    "Date": "02/07/20",
    "Open": 80.5925,
    "High": 80.85,
    "Low": 79.5,
    "Close": 80.0075,
    "Volume": 117684040
  },
  {
    "Date": "02/06/20",
    "Open": 80.6425,
    "High": 81.305,
    "Low": 80.0662,
    "Close": 81.3025,
    "Volume": 105425564
  },
  {
    "Date": "02/05/20",
    "Open": 80.88,
    "High": 81.19,
    "Low": 79.7375,
    "Close": 80.3625,
    "Volume": 118826884
  },
  {
    "Date": "02/04/20",
    "Open": 78.8275,
    "High": 79.91,
    "Low": 78.4086,
    "Close": 79.7125,
    "Volume": 136616516
  },
  {
    "Date": "02/03/20",
    "Open": 76.075,
    "High": 78.3725,
    "Low": 75.555,
    "Close": 77.165,
    "Volume": 173985592
  },
  {
    "Date": "01/31/20",
    "Open": 80.2325,
    "High": 80.67,
    "Low": 77.0725,
    "Close": 77.3775,
    "Volume": 199588408
  },
  {
    "Date": "01/30/20",
    "Open": 80.136,
    "High": 81.0225,
    "Low": 79.6875,
    "Close": 80.9675,
    "Volume": 126743244
  },
  {
    "Date": "01/29/20",
    "Open": 81.1125,
    "High": 81.9625,
    "Low": 80.345,
    "Close": 81.085,
    "Volume": 216599720
  },
  {
    "Date": "01/28/20",
    "Open": 78.15,
    "High": 79.6,
    "Low": 78.0475,
    "Close": 79.4225,
    "Volume": 162233952
  },
  {
    "Date": "01/27/20",
    "Open": 77.515,
    "High": 77.9425,
    "Low": 76.22,
    "Close": 77.2375,
    "Volume": 161940032
  },
  {
    "Date": "01/24/20",
    "Open": 80.0625,
    "High": 80.8325,
    "Low": 79.3797,
    "Close": 79.5775,
    "Volume": 146537516
  },
  {
    "Date": "01/23/20",
    "Open": 79.48,
    "High": 79.89,
    "Low": 78.9125,
    "Close": 79.8075,
    "Volume": 104471960
  },
  {
    "Date": "01/22/20",
    "Open": 79.645,
    "High": 79.9975,
    "Low": 79.3275,
    "Close": 79.425,
    "Volume": 101832476
  },
  {
    "Date": "01/21/20",
    "Open": 79.2975,
    "High": 79.755,
    "Low": 79,
    "Close": 79.1425,
    "Volume": 110843244
  },
  {
    "Date": "01/17/20",
    "Open": 79.0675,
    "High": 79.685,
    "Low": 78.75,
    "Close": 79.6825,
    "Volume": 137816484
  },
  {
    "Date": "01/16/20",
    "Open": 78.3975,
    "High": 78.925,
    "Low": 78.0225,
    "Close": 78.81,
    "Volume": 108829000
  },
  {
    "Date": "01/15/20",
    "Open": 77.9625,
    "High": 78.875,
    "Low": 77.3875,
    "Close": 77.835,
    "Volume": 121923524
  },
  {
    "Date": "01/14/20",
    "Open": 79.175,
    "High": 79.3925,
    "Low": 78.0425,
    "Close": 78.17,
    "Volume": 162613844
  },
  {
    "Date": "01/13/20",
    "Open": 77.91,
    "High": 79.2675,
    "Low": 77.7875,
    "Close": 79.24,
    "Volume": 122086884
  },
  {
    "Date": "01/10/20",
    "Open": 77.65,
    "High": 78.1675,
    "Low": 77.0625,
    "Close": 77.5825,
    "Volume": 140869092
  },
  {
    "Date": "01/09/20",
    "Open": 76.8088,
    "High": 77.6075,
    "Low": 76.55,
    "Close": 77.4075,
    "Volume": 170486156
  },
  {
    "Date": "01/08/20",
    "Open": 74.29,
    "High": 76.11,
    "Low": 74.289,
    "Close": 75.7975,
    "Volume": 132363796
  },
  {
    "Date": "01/07/20",
    "Open": 74.96,
    "High": 75.225,
    "Low": 74.37,
    "Close": 74.5975,
    "Volume": 111510640
  },
  {
    "Date": "01/06/20",
    "Open": 73.4475,
    "High": 74.99,
    "Low": 73.1875,
    "Close": 74.95,
    "Volume": 118578564
  },
  {
    "Date": "01/03/20",
    "Open": 74.2875,
    "High": 75.145,
    "Low": 74.125,
    "Close": 74.3575,
    "Volume": 146535516
  },
  {
    "Date": "01/02/20",
    "Open": 74.06,
    "High": 75.15,
    "Low": 73.7975,
    "Close": 75.0875,
    "Volume": 135647436
  }
]